,flight_number,mission_name,mission_id,upcoming,launch_year,launch_date_unix,launch_date_utc,launch_date_local,is_tentative,tentative_max_precision,tbd,launch_window,rocket,ships,launch_site,launch_success,links,details,static_fire_date_utc,static_fire_date_unix
0,1,FalconSat,,0,2006,1143239400,2006-03-24T22:30:00.000Z,2006-03-25T10:30:00+12:00,0,hour,0,0.0,falcon1 Falcon 1,,kwajalein_atoll Kwajalein Atoll,0,https://images2.imgbox.com/40/e3/GypSkayF_o.png,Engine failure at 33 seconds and loss of vehicle,2006-03-17T00:00:00.000Z,1142553600.0
1,2,DemoSat,,0,2007,1174439400,2007-03-21T01:10:00.000Z,2007-03-21T13:10:00+12:00,0,hour,0,0.0,falcon1 Falcon 1,,kwajalein_atoll Kwajalein Atoll,0,https://images2.imgbox.com/be/e7/iNqsqVYM_o.png,"Successful first stage burn and transition to second stage, maximum altitude 289 km, Premature engine shutdown at T+7 min 30 s, Failed to reach orbit, Failed to recover first stage",0,0.0
2,3,Trailblazer,,0,2008,1217734440,2008-08-03T03:34:00.000Z,2008-08-03T15:34:00+12:00,0,hour,0,0.0,falcon1 Falcon 1,,kwajalein_atoll Kwajalein Atoll,0,https://images2.imgbox.com/4b/bd/d8UxLh4q_o.png,Residual stage 1 thrust led to collision between stage 1 and stage 2,0,0.0
3,4,RatSat,,0,2008,1222643700,2008-09-28T23:15:00.000Z,2008-09-28T11:15:00+12:00,0,hour,0,0.0,falcon1 Falcon 1,,kwajalein_atoll Kwajalein Atoll,1,https://images2.imgbox.com/e0/a7/FNjvKlXW_o.png,"Ratsat was carried to orbit on the first successful orbital launch of any privately funded and developed, liquid-propelled carrier rocket, the SpaceX Falcon 1",2008-09-20T00:00:00.000Z,1221868800.0
4,5,RazakSat,,0,2009,1247456100,2009-07-13T03:35:00.000Z,2009-07-13T15:35:00+12:00,0,hour,0,0.0,falcon1 Falcon 1,,kwajalein_atoll Kwajalein Atoll,1,https://images2.imgbox.com/8d/fc/0qdZMWWx_o.png,Empty,0,0.0
5,6,Falcon 9 Test Flight,EE86F74,0,2010,1275677100,2010-06-04T18:45:00.000Z,2010-06-04T14:45:00-04:00,0,hour,0,0.0,falcon9 Falcon 9,,ccafs_slc_40 CCAFS SLC 40,1,https://images2.imgbox.com/d6/12/yxne8mMD_o.png,Empty,2010-03-13T00:00:00.000Z,1268438400.0
6,7,COTS 1,EE86F74,0,2010,1291822980,2010-12-08T15:43:00.000Z,2010-12-08T11:43:00-04:00,0,hour,0,0.0,falcon9 Falcon 9,AMERICANCHAMPION,ccafs_slc_40 CCAFS SLC 40,1,https://images2.imgbox.com/00/2f/FhtEd0nB_o.png,Empty,2010-12-04T00:00:00.000Z,1291420800.0
7,8,COTS 2,EE86F74,0,2012,1335944640,2012-05-22T07:44:00.000Z,2012-05-22T03:44:00-04:00,0,hour,0,0.0,falcon9 Falcon 9,AMERICANCHAMPION,ccafs_slc_40 CCAFS SLC 40,1,https://images2.imgbox.com/2b/8e/MYyHbnd2_o.png,"Launch was scrubbed on first attempt, second launch attempt was successful",2012-04-30T00:00:00.000Z,1335744000.0
8,9,CRS-1,EE86F74,0,2012,1349656500,2012-10-08T00:35:00.000Z,2012-10-08T20:35:00-04:00,0,hour,0,0.0,falcon9 Falcon 9,AMERICANISLANDER,ccafs_slc_40 CCAFS SLC 40,1,https://images2.imgbox.com/52/09/eNvilptL_o.png,"CRS-1 successful, but the secondary payload was inserted into abnormally low orbit and lost due to Falcon 9 boost stage engine failure, ISS visiting vehicle safety rules, and the primary payload owner's contractual right to decline a second ignition of the second stage under some conditions.",2012-09-29T00:00:00.000Z,1348876800.0
9,10,CRS-2,EE86F74,0,2013,1362165000,2013-03-01T19:10:00.000Z,2013-03-01T15:10:00-04:00,0,hour,0,0.0,falcon9 Falcon 9,AMERICANISLANDER,ccafs_slc_40 CCAFS SLC 40,1,https://images2.imgbox.com/ef/39/FyZRYeOh_o.png,Last launch of the original Falcon 9 v1.0 launch vehicle,2013-02-25T18:30:00.000Z,1361817000.0
10,11,CASSIOPE,,0,2013,1380470400,2013-09-29T16:00:00.000Z,2013-09-29T09:00:00-07:00,0,hour,0,0.0,falcon9 Falcon 9,AMERICANSPIRIT,vafb_slc_4e VAFB SLC 4E,1,https://images2.imgbox.com/89/bc/JcbcvuBI_o.png,"Commercial mission and first Falcon 9 v1.1 flight, with improved 13-tonne to LEO capacity. Following second-stage separation from the first stage, an attempt was made to perform an ocean touchdown test of the discarded booster vehicle. The test provided good test data on the experiment-its primary objective-but as the booster neared the ocean, aerodynamic forces caused an uncontrollable roll. The center engine, depleted of fuel by centrifugal force, shut down resulting in the impact and destruction of the vehicle.",2013-09-19T00:00:00.000Z,1379548800.0
11,12,SES-8,6C42550,0,2013,1386110460,2013-12-03T22:41:00.000Z,2013-12-03T18:41:00-04:00,0,hour,0,0.0,falcon9 Falcon 9,,ccafs_slc_40 CCAFS SLC 40,1,https://images2.imgbox.com/b5/1d/46Eo0yuu_o.png,First GTO launch for Falcon 9,2013-11-22T06:26:00.000Z,1385101560.0
12,13,Thaicom 6,9D1B7E0,0,2014,1389031560,2014-01-06T18:06:00.000Z,2014-01-06T14:06:00-04:00,0,hour,0,0.0,falcon9 Falcon 9,,ccafs_slc_40 CCAFS SLC 40,1,https://images2.imgbox.com/37/c4/jRAk115c_o.png,"Second GTO launch for Falcon 9. The USAF evaluated launch data from this flight as part of a separate certification program for SpaceX to qualify to fly U.S. military payloads and found that the Thaicom 6 launch had ""unacceptable fuel reserves at engine cutoff of the stage 2 second burnoff""",2013-12-28T00:00:00.000Z,1388188800.0
13,14,CRS-3,EE86F74,0,2014,1397849100,2014-04-18T19:25:00.000Z,2014-04-18T15:25:00-04:00,0,hour,0,0.0,falcon9 Falcon 9,AMERICANISLANDER,ccafs_slc_40 CCAFS SLC 40,1,https://images2.imgbox.com/ff/81/EOWojaSj_o.png,"Following second-stage separation, SpaceX conducted a second controlled-descent test of the discarded booster vehicle and achieved the first successful controlled ocean touchdown of a liquid-rocket-engine orbital booster. Following touchdown the first stage tipped over as expected and was destroyed. This was the first Falcon 9 booster to fly with extensible landing legs and the first Dragon mission with the Falcon 9 v1.1 launch vehicle.",2014-03-08T00:00:00.000Z,1394236800.0
14,15,OG-2 Mission 1,CE91D46,0,2014,1405350900,2014-07-14T15:15:00.000Z,2014-07-14T11:15:00-04:00,0,hour,0,0.0,falcon9 Falcon 9,,ccafs_slc_40 CCAFS SLC 40,1,https://images2.imgbox.com/4d/ed/CHXoRaSP_o.png,"Total payload mass was 1,316 kg (2,901 lb) : 6 satellites weighing 172 kg each, plus two 142-kg mass simulators. This was the second Falcon 9 booster equipped with landing legs. Following second-stage separation, SpaceX conducted a controlled-descent test of the first stage, which successfully decelerated from hypersonic velocity in the upper atmosphere, made reentry and landing burns, deployed its legs and touched down on the ocean surface. As with the previous mission, the first stage then tipped over as expected and was not recovered.",2015-12-19T04:57:00.000Z,1450501020.0
15,16,AsiaSat 8,593B499,0,2014,1407225600,2014-08-05T08:00:00.000Z,2014-08-05T04:00:00-04:00,0,hour,0,0.0,falcon9 Falcon 9,,ccafs_slc_40 CCAFS SLC 40,1,https://images2.imgbox.com/5a/ab/8IzvDOzc_o.png,Empty,2014-07-31T23:35:15.000Z,1406849715.0
16,17,AsiaSat 6,593B499,0,2014,1410066000,2014-09-07T05:00:00.000Z,2014-09-07T01:00:00-04:00,0,hour,0,7200.0,falcon9 Falcon 9,,ccafs_slc_40 CCAFS SLC 40,1,https://images2.imgbox.com/57/6a/upI6gwfq_o.png,Empty,2014-08-22T23:51:18.000Z,1408751478.0
17,18,CRS-4,EE86F74,0,2014,1411278720,2014-09-21T05:52:00.000Z,2014-09-21T01:52:00-04:00,0,hour,0,0.0,falcon9 Falcon 9,AMERICANISLANDER,ccafs_slc_40 CCAFS SLC 40,1,https://images2.imgbox.com/0d/e8/tfdeNslS_o.png,Empty,2014-09-17T00:00:00.000Z,1410912000.0
18,19,CRS-5,EE86F74,0,2015,1420883220,2015-01-10T09:47:00.000Z,2015-01-10T05:47:00-04:00,0,hour,0,0.0,falcon9 Falcon 9,ELSBETH3 GOQUEST GOSEARCHER JRTI-1 NRCQUEST,ccafs_slc_40 CCAFS SLC 40,1,https://images2.imgbox.com/fe/5a/WyQS4MXa_o.png,"Following second stage separation, SpaceX performed a test flight which attempted to return the first stage of the Falcon 9 through the atmosphere and land it on an approximately 90-by-50-meter (300 ft x 160 ft) floating platform-called the autonomous spaceport drone ship. Many of the test objectives were achieved, including precision control of the rocket's descent to land on the platform at a specific point in the Atlantic ocean, and a large amount of test data was obtained from the first use of grid fin control surfaces used for more precise reentry positioning. The grid fin control system ran out of hydraulic fluid a minute before landing and the landing itself resulted in a crash.",2018-06-23T21:30:00.000Z,1529789400.0
19,20,DSCOVR,,0,2015,1423695780,2015-02-11T23:03:00.000Z,2015-02-11T19:03:00-04:00,0,hour,0,0.0,falcon9 Falcon 9,ELSBETH3 GOQUEST GOSEARCHER,ccafs_slc_40 CCAFS SLC 40,1,https://images2.imgbox.com/ec/a0/kTPQRyzt_o.png,First launch under USAF's OSP 3 launch contract. First SpaceX launch to put a satellite to an orbit with an orbital altitude many times the distance to the Moon: Sun-Earth libration point L1. The first stage made a test flight descent to an over-ocean landing within 10 m (33 ft) of its intended target.,2015-01-31T00:00:00.000Z,1422662400.0
20,21,ABS-3A / Eutelsat 115W B,2CF444A F7709F2,0,2015,1425268200,2015-03-02T03:50:00.000Z,2015-03-02T23:50:00-04:00,0,hour,0,0.0,falcon9 Falcon 9,,ccafs_slc_40 CCAFS SLC 40,1,https://images2.imgbox.com/78/82/H9gthFmK_o.png,"The launch was Boeing's first-ever conjoined launch of a lighter-weight dual-commsat stack that was specifically designed to take advantage of the lower-cost SpaceX Falcon 9 launch vehicle. Per satellite, launch costs were less than $30 million. The ABS satellite reached its final destination ahead of schedule and started operations on September 10.",2015-02-25T19:10:00.000Z,1424891400.0
21,22,CRS-6,EE86F74,0,2015,1429042200,2015-04-14T20:10:00.000Z,2015-04-14T16:10:00-04:00,0,hour,0,0.0,falcon9 Falcon 9,ELSBETH3 GOQUEST GOSEARCHER JRTI-1 NRCQUEST,ccafs_slc_40 CCAFS SLC 40,1,https://images2.imgbox.com/e4/9f/GRP89UBo_o.png,"Following the first-stage boost, SpaceX attempted a controlled-descent test of the first stage. The first stage contacted the ship, but soon tipped over due to excess lateral velocity caused by a stuck throttle valve resulting in a later-than-intended downthrottle.",2015-04-11T00:00:00.000Z,1428710400.0
22,23,TürkmenÄlem 52°E / MonacoSAT,,0,2015,1430175780,2015-04-27T23:03:00.000Z,2015-04-27T19:03:00-04:00,0,hour,0,0.0,falcon9 Falcon 9,,ccafs_slc_40 CCAFS SLC 40,1,https://images2.imgbox.com/7a/99/RLkM4sNw_o.png,Empty,2015-04-22T11:11:00.000Z,1429701060.0
23,24,CRS-7,EE86F74,0,2015,1435501260,2015-06-28T14:21:00.000Z,2015-06-28T10:21:00-04:00,0,hour,0,0.0,falcon9 Falcon 9,ELSBETH3 GOQUEST GOSEARCHER,ccafs_slc_40 CCAFS SLC 40,0,https://images2.imgbox.com/47/39/stH98Qy1_o.png,"Launch performance was nominal until an overpressure incident in the second-stage LOX tank, leading to vehicle breakup at T+150 seconds. The Dragon capsule survived the explosion but was lost upon splashdown because its software did not contain provisions for parachute deployment on launch vehicle failure.",2015-06-26T05:00:00.000Z,1435294800.0
24,25,OG-2 Mission 2,CE91D46,0,2015,1450747740,2015-12-22T01:29:00.000Z,2015-12-22T21:29:00-04:00,0,hour,0,0.0,falcon9 Falcon 9,,ccafs_slc_40 CCAFS SLC 40,1,https://images2.imgbox.com/65/a5/8iNE9T6Y_o.png,"Total payload mass was 2,034 kg (4,484 lb) : 11 satellites weighing 172 kg each, plus a 142-kg mass simulator. This was the first launch of the upgraded v1.1 variant (later called Falcon 9 Full Thrust), with a 30 percent power increase. Orbcomm had originally agreed to be the third flight of the enhanced-thrust rocket, but the change to the maiden flight position was announced in October 2015. SpaceX received a permit from the FAA to land the booster on solid ground at Cape Canaveral, and succeeded.",2015-12-19T00:09:00.000Z,1450483740.0
25,26,Jason 3,,0,2016,1453045320,2016-01-17T15:42:00.000Z,2016-01-17T08:42:00-07:00,0,hour,0,0.0,falcon9 Falcon 9,JRTI-2 NRCQUEST PACIFICFREEDOM,vafb_slc_4e VAFB SLC 4E,1,https://images2.imgbox.com/71/59/j489OwAI_o.png,"First launch of NASA and NOAA joint science mission under the NLS II launch contract (not related to NASA CRS or USAF OSP3 contracts). Last launch of the original Falcon 9 v1.1 launch vehicle. The Jason-3 satellite was successfully deployed to target orbit. SpaceX again attempted a recovery of the first stage booster by landing on an autonomous drone ship; this time located in the Pacific Ocean. The first stage did achieve a soft-landing on the ship, but a lockout on one of the landing legs failed to latch, so that the booster fell over and exploded.",2016-01-11T18:42:00.000Z,1452537720.0
26,27,SES-9,6C42550,0,2016,1457134500,2016-03-04T23:35:00.000Z,2016-03-04T19:35:00-04:00,0,hour,0,5400.0,falcon9 Falcon 9,ELSBETH3 GOQUEST GOSEARCHER OCISLY,ccafs_slc_40 CCAFS SLC 40,1,https://images2.imgbox.com/f6/aa/xDtGo0WJ_o.png,"Second launch of the enhanced Falcon 9 Full Thrust launch vehicle. Following the launch, SpaceX attempted an experimental landing test to a drone ship, although a successful landing was not expected because launch mass exceeded previously indicated limit for a GTO there was little fuel left. As predicted, booster recovery failed: the spent first stage ""landed hard"", but the controlled-descent, atmospheric re-entry and navigation to the drone ship were successful and returned significant test data on bringing back high-energy Falcon 9s.",2016-10-02T14:11:00.000Z,1475417460.0
27,28,CRS-8,EE86F74,0,2016,1460148180,2016-04-08T20:43:00.000Z,2016-04-08T16:43:00-04:00,0,hour,0,0.0,falcon9 Falcon 9,ELSBETH3 GOQUEST GOSEARCHER NRCQUEST OCISLY,ccafs_slc_40 CCAFS SLC 40,1,https://images2.imgbox.com/1b/f0/tyNDMK5j_o.png,"Dragon carried over 1500 kg of supplies and delivered (stowed in its trunk) the inflatable Bigelow Expandable Activity Module (BEAM) to the ISS for two years of in-orbit tests. The rocket's first stage landed smoothly on SpaceX's autonomous spaceport drone ship 9 minutes after liftoff, making this the first ever successful landing of a rocket booster on a ship at sea as part of an orbital launch. The first stage B1021 was later also the first orbital booster to be used again, when launching SES-10 on March 30, 2017.",2016-04-05T00:00:00.000Z,1459814400.0
28,29,JCSAT-2B,FE3533D,0,2016,1462512060,2016-05-06T05:21:00.000Z,2016-05-06T01:21:00-04:00,0,hour,0,7200.0,falcon9 Falcon 9,ELSBETH3 GOQUEST GOSEARCHER,ccafs_slc_40 CCAFS SLC 40,1,https://images2.imgbox.com/84/40/ddJiuhNV_o.png,"Launched the JCSAT 14 communications satellite for Tokyo-based SKY Perfect JSAT Corp. JCSAT 14 will support data networks, television broadcasters and mobile communications users in Japan, East Asia, Russia, Oceania, Hawaii and other Pacific islands. This was the first time a booster successfully landed after a GTO mission.",2016-05-01T21:32:00.000Z,1462138320.0
29,30,Thaicom 8,9D1B7E0,0,2016,1464385140,2016-05-27T21:39:00.000Z,2016-05-27T17:39:00-04:00,0,hour,0,7200.0,falcon9 Falcon 9,ELSBETH3 GOQUEST GOSEARCHER OCISLY,ccafs_slc_40 CCAFS SLC 40,1,https://images2.imgbox.com/b7/ec/5kukvU10_o.png,"Manufactured by Orbital ATK, the 3,100-kilogram (6,800 lb) Thaicom 8 communications satellite will serve Thailand, India and Africa from the 78.5° East geostationary location. It is equipped with 24 active Ku-band transponders.",2016-05-25T00:00:00.000Z,1464134400.0
30,31,ABS-2A / Eutelsat 117W B,2CF444A F7709F2,0,2016,1466000940,2016-06-15T14:29:00.000Z,2016-06-15T10:29:00-04:00,0,hour,0,2700.0,falcon9 Falcon 9,ELSBETH3 GOQUEST GOSEARCHER OCISLY,ccafs_slc_40 CCAFS SLC 40,1,https://images2.imgbox.com/07/79/4ajR03l9_o.png,"One year after pioneering this technique on flight 16, Falcon again launched two Boeing 702SP gridded ion thruster satellites in a dual-stack configuration, with the two customers sharing the rocket and mission costs. First stage landing attempt on drone ship failed on landing due to low thrust on one of the three landing engines.",2016-06-13T15:03:00.000Z,1465830180.0
31,32,CRS-9,EE86F74,0,2016,1468817100,2016-07-18T04:45:00.000Z,2016-07-18T00:45:00-04:00,0,hour,0,0.0,falcon9 Falcon 9,ELSBETH3 GOQUEST GOSEARCHER NRCQUEST,ccafs_slc_40 CCAFS SLC 40,1,https://images2.imgbox.com/7c/07/rs4MS4HU_o.png,"Among other cargo, an International Docking Adapter (IDA-2) was carried to the ISS. This mission had a successful first-stage landing at Cape Canaveral.*Including the reusable Dragon Capsule, total payload to orbit was 6457 kg.",2016-07-16T02:31:47.000Z,1468636307.0
32,33,JCSAT-16,FE3533D,0,2016,1471152360,2016-08-14T05:26:00.000Z,2016-08-14T01:26:00-04:00,0,hour,0,7200.0,falcon9 Falcon 9,ELSBETH3 GOQUEST GOSEARCHER OCISLY,ccafs_slc_40 CCAFS SLC 40,1,https://images2.imgbox.com/74/fc/KiaMQgym_o.png,"First attempt to touch down from a ballistic trajectory using a single-engine landing burn. All previous landings from a ballistic trajectory had fired three engines on the landing-burn, which provided more braking force, but subjected the vehicle to greater structural stresses. The single-engine landing burn takes more time and fuel, but puts less stress on the vehicle.",2016-08-11T04:01:00.000Z,1470888060.0
33,34,Amos-6,,0,2016,1472735220,2016-09-01T13:07:00.000Z,2016-09-01T09:07:00-04:00,0,hour,0,0.0,falcon9 Falcon 9,,ccafs_slc_40 CCAFS SLC 40,0,https://images2.imgbox.com/eb/28/cg2hkitx_o.png,"The rocket and Amos-6 payload were lost in a launch pad explosion on September 1, 2016 during propellant fill prior to a static fire test. The pad was clear of personnel and there were no injuries.",2016-09-01T13:07:00.000Z,1472735220.0
34,35,Iridium NEXT Mission 1,F3364BF,0,2017,1484416440,2017-01-14T17:54:00.000Z,2017-01-14T10:54:00-07:00,0,hour,0,0.0,falcon9 Falcon 9,JRTI-2 NRCQUEST PACIFICWARRIOR,vafb_slc_4e VAFB SLC 4E,1,https://images2.imgbox.com/ab/b8/USCniUHy_o.png,"Return-to-flight mission after the loss of Amos-6 in September 2016. Iridium NEXT will replace the original Iridium constellation, launched in the late 1990s. Each Falcon mission will carry 10 satellites, with a goal to complete deployment of the 66 plus 9 spare satellite constellation by mid 2018. The first two Iridium qualification units were supposed to ride a Dnepr rocket in April 2016 but were delayed, so Iridium decided to qualify the first batch of 10 satellites instead.",2017-01-05T19:40:00.000Z,1483645200.0
35,36,CRS-10,EE86F74,0,2017,1487515140,2017-02-19T14:39:00.000Z,2017-02-19T10:39:00-04:00,0,hour,0,0.0,falcon9 Falcon 9,NRCQUEST,ksc_lc_39a KSC LC 39A,1,https://images2.imgbox.com/02/52/hp8DpyGM_o.png,"First Falcon 9 flight from the historic LC-39A launchpad at Kennedy Space Center, carrying supplies and materials to support dozens of science and research investigations scheduled during ISS Expeditions 50 and 51. The first stage returned to launch site and landed at LZ-1.",2017-02-12T21:30:00.000Z,1486935000.0
36,37,EchoStar 23,,0,2017,1489644000,2017-03-16T06:00:00.000Z,2017-03-16T02:00:00-04:00,0,hour,0,9000.0,falcon9 Falcon 9,,ksc_lc_39a KSC LC 39A,1,https://images2.imgbox.com/47/c2/mmiTCLkJ_o.png,"Communications satellite for EchoStar Corp. EchoStar XXIII, based on a spare platform from the cancelled CMBStar 1 satellite program, will provide direct-to-home television broadcast services over Brazil. There was no attempt at a first-stage recovery so this rocket did not have landing legs or grid fins.",2017-03-09T23:00:00.000Z,1489100400.0
37,38,SES-10,6C42550,0,2017,1490912820,2017-03-30T22:27:00.000Z,2017-03-30T18:27:00-04:00,0,hour,0,9000.0,falcon9 Falcon 9,ELSBETH3 GOQUEST GOSEARCHER OCISLY,ksc_lc_39a KSC LC 39A,1,https://images2.imgbox.com/d1/f6/9q2edz2p_o.png,"First payload to fly on a reused first stage, B1021, previously launched with CRS-8, which also landed a second time. In what is also a first, the payload fairing remained intact after a successful splashdown achieved with thrusters and a steerable parachute.",2017-03-27T18:00:00.000Z,1490637600.0
38,39,NROL-76,,0,2017,1493637300,2017-05-01T11:15:00.000Z,2017-05-01T07:15:00-04:00,0,hour,0,7200.0,falcon9 Falcon 9,GOSEARCHER,ksc_lc_39a KSC LC 39A,1,https://images2.imgbox.com/8e/6e/dM1L8DMs_o.png,"First launch under SpaceX's certification for national security space missions, which allows SpaceX to contract launch services for classified payloads. Second-stage speed and altitude telemetry were omitted from the launch webcast, which displayed first-stage telemetry instead, with continuous tracking of the booster from liftoff to landing for the first time.",2017-04-25T19:02:00.000Z,1493146920.0
39,40,Inmarsat-5 F4,,0,2017,1494890460,2017-05-15T23:21:00.000Z,2017-05-15T19:21:00-04:00,0,hour,0,2940.0,falcon9 Falcon 9,,ksc_lc_39a KSC LC 39A,1,https://images2.imgbox.com/76/0b/bJD0zV02_o.png,"At 6,070 kg this was the heaviest payload launched to GTO by a Falcon 9 rocket. The launch was originally scheduled for the Falcon Heavy, but performance improvements allowed the mission to be carried out by an expendable Falcon 9 instead.",2017-05-11T16:45:00.000Z,1494521100.0
40,41,CRS-11,EE86F74,0,2017,1496524020,2017-06-03T21:07:00.000Z,2017-06-03T17:07:00-04:00,0,hour,0,0.0,falcon9 Falcon 9,NRCQUEST,ksc_lc_39a KSC LC 39A,1,https://images2.imgbox.com/4b/88/4irzX449_o.png,"This mission delivered the Neutron Star Interior Composition Explorer (NICER) to the ISS, along with the MUSES Earth imaging platform and ROSA solar array. For the first time, this mission launched a refurbished Dragon capsule, serial number C106 which first flew in September 2014 on the CRS-4 mission. Originally scheduled to launch on June 1, but was scrubbed due to inclement weather.",2017-05-28T16:00:00.000Z,1495987200.0
41,42,BulgariaSat-1,,0,2017,1498245000,2017-06-23T19:10:00.000Z,2017-06-23T15:10:00-04:00,0,hour,0,7200.0,falcon9 Falcon 9,ELSBETH3 GOQUEST GOSEARCHER OCISLY,ksc_lc_39a KSC LC 39A,1,https://images2.imgbox.com/3b/6c/d5ulGpoh_o.png,Second time a booster will be reused: Second flight of B1029 after the Iridium mission of January 2017. The satellite will be the first commercial Bulgarian-owned communications satellite and it will provide television broadcasts and other communications services over southeast Europe.,2017-06-15T22:25:00.000Z,1497565500.0
42,43,Iridium NEXT Mission 2,F3364BF,0,2017,1498422300,2017-06-25T20:25:00.000Z,2017-06-25T13:25:00-07:00,0,hour,0,0.0,falcon9 Falcon 9,JRTI-2 KELLYC NRCQUEST,vafb_slc_4e VAFB SLC 4E,1,https://images2.imgbox.com/3f/f0/7zaluW42_o.png,First flight with titanium grid fins to improve control authority and better cope with heat during re-entry.,2017-06-20T22:10:00.000Z,1497996600.0
43,44,Intelsat 35e,,0,2017,1499297700,2017-07-05T23:35:00.000Z,2017-07-05T19:35:00-04:00,0,hour,0,3480.0,falcon9 Falcon 9,,ksc_lc_39a KSC LC 39A,1,https://images2.imgbox.com/94/85/7GzzSMBu_o.png,"Due to the constraints of sending a heavy satellite (~6,000 kg) to GTO, the rocket will fly in its expendable configuration and the first-stage booster will not be recovered.",2017-06-29T00:30:00.000Z,1498696200.0
44,45,CRS-12,EE86F74,0,2017,1502728260,2017-08-14T16:31:00.000Z,2017-08-14T12:31:00-04:00,0,hour,0,0.0,falcon9 Falcon 9,NRCQUEST,ksc_lc_39a KSC LC 39A,1,https://images2.imgbox.com/95/31/PhgU9kf9_o.png,"Dragon is expected to carry 2,349 kg (5,179 lb) of pressurized mass and 961 kg (2,119 lb) unpressurized. The external payload manifested for this flight is the CREAM cosmic-ray detector. First flight of the Falcon 9 Block 4 upgrade. Last flight of a newly-built Dragon capsule; further missions will use refurbished spacecraft.",2017-08-10T13:10:00.000Z,1502370600.0
45,46,FormoSat-5,,0,2017,1503600600,2017-08-24T18:50:00.000Z,2017-08-24T11:50:00-07:00,0,hour,0,2520.0,falcon9 Falcon 9,BETTYRGAMBARELLA JRTI-2,vafb_slc_4e VAFB SLC 4E,1,https://images2.imgbox.com/a7/2a/s41i5C9t_o.png,Formosat-5 is an Earth observation satellite of the Taiwanese space agency. The SHERPA space tug by Spaceflight Industries was removed from the cargo manifest of this mission. The satellite has a mass of only 475 kg.,2017-08-24T18:50:00.000Z,1503600600.0
46,47,Boeing X-37B OTV-5,,0,2017,1504792200,2017-09-07T13:50:00.000Z,2017-09-07T09:50:00-04:00,0,hour,0,18300.0,falcon9 Falcon 9,ELSBETH3 GOQUEST,ksc_lc_39a KSC LC 39A,1,https://images2.imgbox.com/7e/ad/Q6iDgXq2_o.png,"Notable because Boeing is the primary contractor of the X-37B, which has until now been launched by ULA, a SpaceX competitor and Boeing partnership. Second flight of the Falcon 9 Block 4 upgrade.",2017-08-31T20:30:00.000Z,1504211400.0
47,48,Iridium NEXT Mission 3,F3364BF,0,2017,1507552620,2017-10-09T12:37:00.000Z,2017-10-09T05:37:00-07:00,0,hour,0,0.0,falcon9 Falcon 9,BETTYRGAMBARELLA JRTI-2,vafb_slc_4e VAFB SLC 4E,1,https://images2.imgbox.com/16/0c/P2REhX5k_o.png,Third of eight missions to launch Iridium's second generation constellation from VAFB,2017-10-05T13:31:00.000Z,1507210260.0
48,49,SES-11 / Echostar 105,6C42550,0,2017,1507762380,2017-10-11T22:53:00.000Z,2017-10-11T18:53:00-04:00,0,hour,0,7200.0,falcon9 Falcon 9,GOQUEST HAWK OCISLY,ksc_lc_39a KSC LC 39A,1,https://images2.imgbox.com/75/43/F11jelFx_o.png,"Nineteenth comsat to GTO, also the fourth satellite launched for SES and second for Echostar. Third time a first stage booster will be reused.",2017-10-02T20:30:00.000Z,1506976200.0
49,50,KoreaSat 5A,,0,2017,1509392040,2017-10-30T19:34:00.000Z,2017-10-30T15:34:00-04:00,0,hour,0,8640.0,falcon9 Falcon 9,HAWK GOMSTREE OCISLY,ksc_lc_39a KSC LC 39A,1,https://images2.imgbox.com/69/f5/04lBXd2F_o.png,"KoreaSat 5A is a Ku-band satellite capable of providing communication services from East Africa and Central Asia to southern India, Southeast Asia, the Philippines, Guam, Korea, and Japan. The satellite will be placed in GEO at 113Â° East Longitude, and will provide services ranging from broadband internet to broadcasting services and maritime communications.",2017-10-26T16:00:00.000Z,1509033600.0
50,51,CRS-13,EE86F74,0,2017,1513352160,2017-12-15T15:36:00.000Z,2017-12-15T10:36:00-05:00,0,hour,0,0.0,falcon9 Falcon 9,NRCQUEST,ccafs_slc_40 CCAFS SLC 40,1,https://images2.imgbox.com/1b/30/oP1DBQ6b_o.png,Will reuse the Dragon capsule previously flown on CRS-6 and will reuse the booster from CRS-11.,2017-12-06T20:00:00.000Z,1512590400.0
51,52,Iridium NEXT Mission 4,F3364BF,0,2017,1513992443,2017-12-23T01:27:23.000Z,2017-12-22T17:27:23-08:00,0,hour,0,0.0,falcon9 Falcon 9,GOMSTREE,vafb_slc_4e VAFB SLC 4E,1,https://images2.imgbox.com/ee/c2/x8q8XiTg_o.png,"Reusing the booster first used on Iridium-2, but will be flying expendable.",2017-12-17T21:00:00.000Z,1513544400.0
52,53,ZUMA,,0,2018,1515373200,2018-01-08T01:00:00.000Z,2018-01-07T20:00:00-05:00,0,hour,0,7200.0,falcon9 Falcon 9,,ccafs_slc_40 CCAFS SLC 40,1,https://images2.imgbox.com/26/99/ppTFXiLw_o.png,"Originally planned for mid-November 2017, the mission was delayed due to test results from the fairing of another customer. First-stage booster will attempt landing at LZ-1",2017-11-11T23:00:00.000Z,1510441200.0
53,54,SES-16 / GovSat-1,6C42550,0,2018,1517433900,2018-01-31T21:25:00.000Z,2018-01-31T16:25:00-05:00,0,hour,0,8460.0,falcon9 Falcon 9,GOQUEST,ccafs_slc_40 CCAFS SLC 40,1,https://images2.imgbox.com/42/0a/LAupFe3L_o.png,"Reused booster from the classified NROL-76 mission in May 2017. Following a successful experimental ocean landing that used three engines, the booster unexpectedly remained intact; Elon Musk stated in a tweet that SpaceX will attempt to tow the booster to shore.",2018-01-26T15:27:00.000Z,1516980420.0
54,55,Falcon Heavy Test Flight,,0,2018,1517949900,2018-02-06T20:45:00.000Z,2018-02-06T15:45:00-05:00,0,hour,0,9000.0,falconheavy Falcon Heavy,GOSEARCHER HAWK OCISLY,ksc_lc_39a KSC LC 39A,1,https://images2.imgbox.com/33/1a/ujrnfkna_o.png,"The launch was a success, and the side boosters landed simultaneously at adjacent ground pads. Drone ship landing of the central core failed. Final burn to heliocentric mars-earth orbit was successful after the second stage and payload passed through the Van Allen belts.",2018-01-24T17:30:00.000Z,1516815000.0
55,56,Paz / Starlink Demo,,0,2018,1519309020,2018-02-22T14:17:00.000Z,2018-02-22T06:17:00-08:00,0,hour,0,0.0,falcon9 Falcon 9,GOMSTREE,vafb_slc_4e VAFB SLC 4E,1,https://images2.imgbox.com/f1/b8/HAXSg9rr_o.png,First flight with fairing 2.0. Will also carry two SpaceX test satellites for the upcoming Starlink constellation.,2018-02-11T18:23:00.000Z,1518373380.0
56,57,Hispasat 30W-6,,0,2018,1520314380,2018-03-06T05:33:00.000Z,2018-03-06T00:33:00-05:00,0,hour,0,7200.0,falcon9 Falcon 9,,ccafs_slc_40 CCAFS SLC 40,1,https://images2.imgbox.com/86/73/dycVqz0C_o.png,Launched with landing legs and titanium grid fins. Did not attempt a landing due to 'unfavorable weather conditions in the recovery area'.,2018-02-21T03:46:00.000Z,1519184760.0
57,58,Iridium NEXT Mission 5,F3364BF,0,2018,1522419231,2018-03-30T14:13:51.000Z,2018-03-30T07:13:51-08:00,0,hour,0,0.0,falcon9 Falcon 9,GOMSTREE,vafb_slc_4e VAFB SLC 4E,1,https://images2.imgbox.com/6e/32/3hj6BIWx_o.png,"Fifth Iridium NEXT mission to deploy ten Iridium NEXT satellites. Reused booster from third Iridium flight, and although controlled descent was performed, the booster was expended into the ocean. SpaceX planned a second recovery attempt of one half of the fairing using the specially modified boat Mr. Steven. However, the fairing's parafoil twisted during the recovery, which led to water impact at high speed",2018-03-25T12:23:00.000Z,1521980580.0
58,59,CRS-14,EE86F74,0,2018,1522701041,2018-04-02T20:30:41.000Z,2018-04-02T16:30:41-04:00,0,hour,0,0.0,falcon9 Falcon 9,NRCQUEST,ccafs_slc_40 CCAFS SLC 40,1,https://images2.imgbox.com/4c/3a/VGGRo5PT_o.png,"The launch used a refurbished booster (from CRS-12) for the 11th time, and a refurbished capsule (C110 from CRS-8) for the third time. External payloads include a materials research platform MISSE-FF phase 3 of the Robotic Refueling Mission TSIS, heliophysics sensor several crystallization experiments, and the RemoveDebris spacecraft aimed at space junk removal. The booster was expended in order to test a new landing profile.",2018-03-28T15:52:00.000Z,1522252320.0
59,60,TESS,,0,2018,1524091860,2018-04-18T22:51:00.000Z,2018-04-18T18:51:00-04:00,0,hour,0,30.0,falcon9 Falcon 9,GOPURSUIT GOQUEST HAWK OCISLY,ccafs_slc_40 CCAFS SLC 40,1,https://images2.imgbox.com/7d/2c/pYXpOVCz_o.png,"Part of the Explorers program, this space telescope is intended for wide-field search of exoplanets transiting nearby stars. It is the first NASA high priority science mission launched by SpaceX. It was the first time SpaceX launched a scientific satellite not primarily intended for Earth observations. The second stage placed it into a high-Earth elliptical orbit, after which the satellite's own booster will perform complex maneuvers including a lunar flyby, and over the course of two months, reach a stable, 2:1 resonant orbit with the Moon. In January 2018, SpaceX received NASA's Launch Services Program Category 2 certification of its Falcon 9 'Full Thrust', certification which is required for launching medium risk missions like TESS. It was the last launch of a new Block 4 booster, and marked the 24th successful recovery of the booster. An experimental water landing was performed in order to attempt fairing recovery.",2018-04-11T18:30:00.000Z,1523471400.0
60,61,Bangabandhu-1,,0,2018,1526069640,2018-05-11T20:14:00.000Z,2018-05-11T16:14:00-04:00,0,hour,0,7620.0,falcon9 Falcon 9,GOPURSUIT GOQUEST OCISLY RACHEL,ksc_lc_39a KSC LC 39A,1,https://images2.imgbox.com/df/cf/wlysigUT_o.png,First launch of a Block V first stage.,2018-05-04T23:25:00.000Z,1525476300.0
61,62,Iridium NEXT Mission 6,F3364BF,0,2018,1527018478,2018-05-22T19:47:58.000Z,2018-05-22T12:47:58-08:00,0,hour,0,0.0,falcon9 Falcon 9,GOMSTREE,vafb_slc_4e VAFB SLC 4E,1,https://images2.imgbox.com/3d/f9/IHjBUE1f_o.png,GFZ arranged a rideshare of GRACE-FO on a Falcon 9 with Iridium following the cancellation of their Dnepr launch contract in 2015. Iridium CEO Matt Desch disclosed in September 2017 that GRACE-FO would be launched on the sixth Iridium NEXT mission. The booster reuse turnaround was a record 4.5 months between flights.,2018-05-18T20:16:00.000Z,1526674560.0
62,63,SES-12,6C42550,0,2018,1528087500,2018-06-04T04:45:00.000Z,2018-06-04T00:45:00-04:00,0,hour,0,7200.0,falcon9 Falcon 9,GOPURSUIT,ccafs_slc_40 CCAFS SLC 40,1,https://images2.imgbox.com/44/ba/fvMeODet_o.png,"SES-12, the replacement satellite for NSS-6, was successfully launched and deployed on June 4th, completing SpaceX's eleventh flight of 2018. According to SES Luxembourg, The SES-12 satellite will expand SES’s capabilities to provide direct-to-home (DTH) broadcasting, VSAT, Mobility and High Throughput Satellite (HTS) data connectivity services in the Middle East and the Asia-Pacific region, including rapidly growing markets such as India and Indonesia. [SES-12] will be co-located with SES-8",2018-05-25T01:48:00.000Z,1527212880.0
63,64,CRS-15,EE86F74,0,2018,1530265320,2018-06-29T09:42:00.000Z,2018-06-29T05:42:00-04:00,0,hour,0,0.0,falcon9 Falcon 9,NRCQUEST,ccafs_slc_40 CCAFS SLC 40,1,https://images2.imgbox.com/43/35/0QW7yRsB_o.png,"Payload included MISSE-FF 2, ECOSTRESS, and a Latching End Effector. The refurbished booster featured a record 2.5 months period turnaround from its original launch of the TESS satellite — the fastest previous was 4.5 months. This was the last commercial flight of a Block 4 booster, which was expended into the Atlantic without landing legs and grid fins.",2018-06-23T21:30:00.000Z,1529789400.0
64,65,Telstar 19V,F4F83DE,0,2018,1532238600,2018-07-22T05:50:00.000Z,2018-07-22T01:50:00-04:00,0,hour,0,7200.0,falcon9 Falcon 9,GOPURSUIT GOQUEST HAWK OCISLY,ccafs_slc_40 CCAFS SLC 40,1,https://images2.imgbox.com/c5/53/5jklZkPz_o.png,"SSL-manufactured communications satellite intended to be placed at 63° West over the Americas. At 7,075 kg, it became the heaviest commercial communications satellite ever launched.",2018-07-18T21:00:00.000Z,1531947600.0
65,66,Iridium NEXT Mission 7,F3364BF,0,2018,1532518766,2018-07-25T11:39:26.000Z,2018-07-25T04:39:26-07:00,0,hour,0,0.0,falcon9 Falcon 9,JRTI-2 GOMSTREE NRCQUEST PACIFICFREEDOM,vafb_slc_4e VAFB SLC 4E,1,https://images2.imgbox.com/90/b5/fS6LMNGd_o.png,"SpaceX's fourteenth flight of 2018 and seventh of eight launches in a half-a-billion-dollar contract with Iridium. Will use a Block 5 first stage, to be recovered in the Pacific Ocean. Only one mission will be left for Iridium, with 10 more satellites. First attempt to recover a Fairing with the upgraded net. Fairing recovery was not successful.",2018-07-20T21:08:00.000Z,1532120880.0
66,67,Merah Putih,,0,2018,1533619080,2018-08-07T05:18:00.000Z,2018-08-07T01:18:00-04:00,0,hour,0,7200.0,falcon9 Falcon 9,HAWK OCISLY,ccafs_slc_40 CCAFS SLC 40,1,https://images2.imgbox.com/a8/f5/ZgdsrbqW_o.png,SpaceX's fifteenth flight of 2018 launched the Merah Putih (also known as Telkom-4) geostationary communications satellite for Telkom Indonesia. It marked the first reuse of any Block 5 first stage; the booster B1046 had previously launched Bangabandhu-1. The stage was recovered and is expected to become the first Falcon 9 booster to fly three missions.,2018-08-02T15:53:00.000Z,1533225180.0
67,68,Telstar 18V,F4F83DE,0,2018,1536554700,2018-09-10T04:45:00.000Z,2018-09-10T00:45:00-04:00,0,hour,0,14400.0,falcon9 Falcon 9,OCISLY HAWK GOQUEST,ccafs_slc_40 CCAFS SLC 40,1,https://images2.imgbox.com/ba/db/3plcm5IB_o.png,"SpaceX's sixteenth flight of 2018 launched the Telstar 18v GEO communication satellite for Telesat, the second launch for the canadian company in a few months. The first stage was a new Falcon 9 V1.2 Block 5 which was successfully recovered on OCISLY.",2018-09-05T07:21:00.000Z,1536132060.0
68,69,SAOCOM 1A,,0,2018,1538965320,2018-10-08T02:22:00.000Z,2018-10-07T19:22:00-07:00,0,hour,0,0.0,falcon9 Falcon 9,,vafb_slc_4e VAFB SLC 4E,1,https://images2.imgbox.com/66/d2/oVB1ofaZ_o.png,"SpaceX's seventeenth flight of 2018 was the first launch of the Saocom Earth observation satellite constellation of the Argentine Space Agency CONAE. The second launch of Saocom 1B will happen in 2019. This flight marked the first RTLS launch out of Vandenberg, with a landing on the concrete pad at SLC-4W, very close to the launch pad.",2018-10-02T21:00:00.000Z,1538514000.0
69,70,Es’hail 2,,0,2018,1542314760,2018-11-15T20:46:00.000Z,2018-11-15T15:46:00-05:00,0,hour,0,6180.0,falcon9 Falcon 9,HAWK OCISLY,ksc_lc_39a KSC LC 39A,1,https://images2.imgbox.com/59/c8/HPYpMlux_o.png,SpaceX's eighteenth flight of 2018 was its first for Es'hailSat. Es'hail-2 is a communications satellite delivering television and internet to Qatar and the surrounding region. It was launched into a geostationary transfer orbit from LC-39A at Kennedy Space Center. The booster landed on OCISLY.,2018-11-12T18:13:00.000Z,1542046380.0
70,71,SSO-A,,0,2018,1543861920,2018-12-03T18:34:00.000Z,2018-12-03T10:34:00-08:00,0,hour,0,1680.0,falcon9 Falcon 9,JRTI-2 NRCQUEST PACIFICFREEDOM GOMSTREE,vafb_slc_4e VAFB SLC 4E,1,https://images2.imgbox.com/c3/88/YprVKOBk_o.png,SpaceX's nineteenth flight of 2018 will fly SSO-A: SmallSat Express out of Vandenberg SLC-4E for Spaceflight. SSO-A is a rideshare to sun synchronus low earth orbit consisting of 64 individual microsatellites and cubesats. It is also likely to be the third flight of core B1046 which previously flew Bangabandhu-1 and Merah Putih. If this happens it will be the first time a Falcon 9 has flown more than two missions. ,2018-11-15T21:55:00.000Z,1542318900.0
71,72,CRS-16,EE86F74,0,2018,1544033760,2018-12-05T18:16:00.000Z,2018-12-05T13:16:00-05:00,0,hour,0,0.0,falcon9 Falcon 9,GOQUEST,ccafs_slc_40 CCAFS SLC 40,1,https://images2.imgbox.com/b6/15/tLQrmwcl_o.png,"SpaceX's 16th Crew Resupply Mission on behalf of NASA, with a total of 20 contracted flights. This will bring essential supplies to the International Space Station using SpaceX's reusable Dragon spacecraft. The Falcon 9 will launch from SLC-40 at Cape Canaveral Air Force Station. During the landing of the first stage, a grid fin hydraulic pump stalled, causing the core to enter an uncontrolled roll, and resulting in a (succesful) water landing.",2018-11-30T19:57:00.000Z,1543607820.0
72,73,GPS III SV01,,0,2018,1545573060,2018-12-23T13:51:00.000Z,2018-12-23T08:51:00-05:00,0,hour,0,1560.0,falcon9 Falcon 9,,ccafs_slc_40 CCAFS SLC 40,1,https://images2.imgbox.com/e1/cb/cvLgCm0d_o.png,SpaceX's twenty-first flight of 2018 launched the first of the new GPS III satellites (Block IIIA) for the United States Air Force and was SpaceX's first EELV mission. The spacecraft was delivered to a MEO transfer orbit from SLC-40 at Cape Canaveral Air Force Station. This mission was the first to fly with the redesigned COPV on the first stage (B1054) as well as the second. The booster was expended.,2018-12-13T21:24:00.000Z,1544736240.0
73,74,Iridium NEXT Mission 8,F3364BF,0,2019,1547220660,2019-01-11T15:31:00.000Z,2019-01-11T07:31:00-08:00,0,hour,0,0.0,falcon9 Falcon 9,JRTI-2 NRCQUEST PACIFICFREEDOM,vafb_slc_4e VAFB SLC 4E,1,https://images2.imgbox.com/80/ae/1JL1ZzXD_o.png,"SpaceX's first flight of 2019 will be the eighth and final launch of its planned Iridium flights. Delivering 10 satellites to low earth orbit, this brings the total up to 75 and completes the Iridium NEXT constellation. This mission launches from SLC-4E at Vandenberg AFB. The booster is expected to land on JRTI.",2019-01-06T13:51:00.000Z,1546782660.0
74,75,Nusantara Satu (PSN-6) / S5 / Beresheet,,0,2019,1550799900,2019-02-22T01:45:00.000Z,2019-02-21T20:45:00-05:00,0,hour,0,1920.0,falcon9 Falcon 9,OCISLY,ccafs_slc_40 CCAFS SLC 40,1,https://images2.imgbox.com/1c/8e/rJ4HAYkk_o.png,"SpaceX will launch this rideshare to GTO for Space Systems Loral (SSL). The primary payload for this mission is Nusantara Satu, a communications satellite built by SSL for the private Indonesian company PT Pasifik Satelit Nusantara (PSN). Spaceflight Industries' GTO-1 mission consists of two secondary payloads. One of those is Beresheet, the lunar lander built by the Israeli non-profit organization, SpaceIL. Beresheet will make its own way to the moon from GTO. The other secondary is Air Force Research Lab's (Space Situational Awareness) S5 mission, which hitches a ride to GEO aboard Nusantara Satu. This mission launches from SLC-40 at Cape Canaveral AFS. The booster is expected to land on OCISLY.",2019-02-18T17:03:00.000Z,1550509380.0
75,76,CCtCap Demo Mission 1,EE86F74,0,2019,1551512700,2019-03-02T07:45:00.000Z,2019-03-02T02:45:00-05:00,0,hour,0,0.0,falcon9 Falcon 9,OCISLY,ksc_lc_39a KSC LC 39A,1,https://images2.imgbox.com/e6/a4/YKd36su1_o.png,"Demonstration Mission 1 (DM-1) will launch Dragon 2 as part of NASA's Commercial Crew Transportation Capability program. This mission will demonstrate Dragon 2, and Falcon 9 in its configuration for crewed missions. DM-1 will launch from LC-39A at Kennedy Space Center, likely carrying some cargo to the International Space Station. The booster is expected to land on OCISLY.",2019-01-24T19:03:00.000Z,1548356580.0
76,77,ArabSat 6A,,0,2019,1555022100,2019-04-11T22:35:00.000Z,2019-04-11T18:35:00-04:00,0,hour,0,7020.0,falconheavy Falcon Heavy,HOLLYWOOD OCISLY GOQUEST GONAVIGATOR GOSEARCHER,ksc_lc_39a KSC LC 39A,1,https://images2.imgbox.com/82/e3/RzQ9nX2V_o.png,"SpaceX will launch Arabsat 6A to a geostationary transfer orbit from SLC-39A, KSC. The satellite is a geostationary telecommunications satellite built by Lockheed Martin for the Saudi Arabian company Arabsat. This will be the first operational flight of Falcon Heavy, and also the first Block 5 Falcon Heavy. All three cores will be new Block 5 cores. The side cores are expected to land at LZ-1 and LZ-2, and the center core is expected to land on OCISLY.",2019-04-05T09:57:00.000Z,1554458220.0
77,78,CRS-17,EE86F74,0,2019,1556952480,2019-05-04T06:48:00.000Z,2019-05-04T02:48:00-04:00,0,hour,0,0.0,falcon9 Falcon 9,OCISLY HOLLYWOOD GOQUEST,ccafs_slc_40 CCAFS SLC 40,1,https://images2.imgbox.com/12/47/6uim8L1a_o.png,"SpaceX's 17th Commercial Resupply Services mission for NASA out of a total of 20 contracted flights, this mission brings essential supplies to the International Space Station using SpaceX's reusable Dragon 1 spacecraft. The external payloads for this mission include Orbital Carbon Observatory 3 and Space Test Program-Houston 6. The Falcon 9 launches from SLC-40 at Cape Canaveral AFS. The booster was expected to land at LZ-1, however, due to the ongoing investigation and clean-up following the Crew Dragon testing incident, it is likely to land on OCISLY instead.
    ",2019-04-27T07:23:00.000Z,1556349780.0
78,79,Starlink v0.9,,0,2019,1558665000,2019-05-24T02:30:00.000Z,2019-05-23T22:30:00-04:00,0,hour,0,9000.0,falcon9 Falcon 9,OCISLY GOSEARCHER HOLLYWOOD GOQUEST GONAVIGATOR,ccafs_slc_40 CCAFS SLC 40,1,https://images2.imgbox.com/75/9d/jIMV5w8x_o.png,"SpaceX will launch dozens of Starlink demonstration satellites from SLC-40, Cape Canaveral AFS. Starlink is a low Earth orbit broadband internet constellation developed and owned by SpaceX which will eventually consist of nearly 12 000 satellites and will provide low latency internet service to ground terminals around the world. Two prototype satellites, Microsats 2a and 2b, were launched from Vandenberg AFB in February 2018. The booster for this mission will land on OCISLY.",2019-05-13T20:06:00.000Z,1557777960.0
79,80,RADARSAT Constellation,,0,2019,1560349020,2019-06-12T14:17:00.000Z,2019-06-12T07:17:00-07:00,0,hour,0,780.0,falcon9 Falcon 9,,vafb_slc_4e VAFB SLC 4E,1,https://images2.imgbox.com/c3/06/2irK3PGj_o.png,"SpaceX is launching the three satellite RADARSAT Constellation Mission into Sun Synchronous orbit from SLC-4E, VAFB. The RCM spacecraft are synthetic aperture radar (SAR) Earth observation satellites built by the Canadian space company, MDA, for the Canadian Space Agency. This mission was delayed when the originally slated booster failed to land after CRS-16. The booster is expected to return to LZ-4.",2019-06-08T08:39:00.000Z,1559983140.0
80,81,STP-2,,0,2019,1561433400,2019-06-25T03:30:00.000Z,2019-06-24T23:30:00-04:00,0,hour,0,14400.0,falconheavy Falcon Heavy,OCISLY GOQUEST GONAVIGATOR GOMSTREE HOLLYWOOD,ksc_lc_39a KSC LC 39A,1,https://images2.imgbox.com/18/17/gCjLjHbl_o.png,"Space Test Program 2 is a rideshare managed by the U.S. Air Force Space and Missile Systems Center (SMC), launching from LC-39A, KSC. Most of the spacecraft will be delivered into low Earth orbit (LEO) in two deployment sequences separated by a second stage burn. These LEO payloads include the six Taiwan and United States owned COSMIC-2 microsatellites, the Planetary Society's LightSail-B demonstrator cubesat, and others. The third and final deployment will be the Air Force Research Lab's DSX spacecraft, which will be delivered to a medium Earth orbit (MEO). This mission will reuse the side cores from Arabsat 6A, which will return to LZ-1, and LZ-2. The new center core will boost back to land on OCISLY less than 40 km from the launch site.",2019-06-19T21:52:00.000Z,1560981120.0
81,82,CRS-18,EE86F74,0,2019,1564092060,2019-07-25T22:01:00.000Z,2019-07-25T18:01:00-04:00,0,hour,0,0.0,falcon9 Falcon 9,,ccafs_slc_40 CCAFS SLC 40,1,https://images2.imgbox.com/08/a2/bPpNeIRJ_o.png,"SpaceX's 18th Commercial Resupply Services mission out of a total of 20 such contracted flights for NASA, this launch will deliver essential supplies to the International Space Station using the reusable Dragon 1 cargo spacecraft. The external payload for this mission is International Docking Adapter 3, replacing IDA-1 lost in SpaceX's CRS-7 launch failure. This mission will launch from SLC-40 at Cape Canaveral AFS on a Falcon 9, and the first-stage booster is expected to land back at CCAFS LZ-1.",2019-07-19T15:31:00.000Z,1563550260.0
82,83,Amos-17,,0,2019,1565131920,2019-08-06T22:52:00.000Z,2019-08-06T18:52:00-04:00,0,hour,0,5280.0,falcon9 Falcon 9,GOMSTREE GONAVIGATOR,ccafs_slc_40 CCAFS SLC 40,1,https://images2.imgbox.com/a0/ab/XUoByiuR_o.png,"SpaceX will launch Boeing built Amos-17, a geostationary communications satellite for Israeli company Spacecom. The satellite will be delivered to GTO from KSC LC-39A or possibly CCAFS SLC-40, and will replace the defunct Amos-5 at 17° E. Amos-17 carries multi-band high throughput and regional beams servicing Africa, Europe and the Middle East. The cost of this launch is covered for Spacecom by SpaceX credit following the Amos-6 incident. A recovery of the booster for this mission is not expected.",2019-08-01T00:00:00.000Z,1564617600.0
83,84,Starlink 1,,0,2019,1573484160,2019-11-11T14:56:00.000Z,2019-11-11T09:56:00-05:00,0,hour,0,0.0,falcon9 Falcon 9,GOMSTREE OCISLY GONAVIGATOR,ccafs_slc_40 CCAFS SLC 40,1,https://images2.imgbox.com/d2/3b/bQaWiil0_o.png,"This mission will launch the first batch of Starlink version 1.0 satellites, from SLC-40, Cape Canaveral AFS. They are expected to contribute to the 550 km x 53° shell. It is the second Starlink launch overall. Starlink is a low Earth orbit broadband internet constellation developed and owned by SpaceX which will eventually consist of nearly 12 000 satellites and will provide low latency internet service to ground terminals around the world. The booster for this mission is expected to land on OCISLY.",2019-11-11T12:08:00.000Z,1573474080.0
84,85,CRS-19,EE86F74,0,2019,1575566963,2019-12-05T17:29:23.000Z,2019-12-05T12:29:23-05:00,0,hour,0,0.0,falcon9 Falcon 9,,ccafs_slc_40 CCAFS SLC 40,1,https://images2.imgbox.com/1f/40/3mc9OSdH_o.png,"SpaceX's 19th Crew Resupply Mission on behalf of NASA with a total of 20 contracted flights, this mission brings essential supplies to the International Space Station using SpaceX's reusable Dragon spacecraft. The external payloads for this mission include the Hyperspectral Imager Suite and a lithium-ion battery. Falcon 9 and Dragon will launch from SLC-40, Cape Canaveral AFS. The mission will be complete with return and recovery of the Dragon capsule and down cargo.",2019-11-26T17:04:00.000Z,1574787840.0
85,86,JCSat 18 / Kacific 1,,0,2019,1576541400,2019-12-17T00:10:00.000Z,2019-12-16T19:10:00-05:00,0,hour,0,5280.0,falcon9 Falcon 9,GOMSTREE GOMSCHIEF OCISLY,ccafs_slc_40 CCAFS SLC 40,1,https://images2.imgbox.com/49/eb/evB1Wi95_o.png,SpaceX will launch the Boeing built dual payload satellite to geostationary transfer orbit from XXXX. JCSat 18 is a mobile broadband communications payload built for Sky Perfect JSAT Corporation of Japan and will service Asia Pacific. Kacific 1 is a high throughput broadband internet payload built for Kacific Broadband Satellites and will service certain high demand areas of Southeast Asia and the Pacific. Both payloads share a single chassis. The booster for this mission is expected to land on OCISLY.,2019-12-13T12:34:00.000Z,1576240440.0
86,87,Starlink 2,,0,2020,1578363540,2020-01-07T02:19:00.000Z,2020-01-06T21:19:00-05:00,0,hour,0,0.0,falcon9 Falcon 9,GOMSTREE OCISLY GONAVIGATOR GOQUEST HAWK,ccafs_slc_40 CCAFS SLC 40,1,https://images2.imgbox.com/d2/3b/bQaWiil0_o.png,"This mission will launch the second batch of Starlink version 1.0 satellites, from SLC-40, Cape Canaveral AFS. They are expected to contribute to the 550 km x 53° shell. It is the third Starlink launch overall. Starlink is a low Earth orbit broadband internet constellation developed and owned by SpaceX which will eventually consist of nearly 12 000 satellites and will provide low latency internet service to ground terminals around the world. The booster for this mission is expected to land on OCISLY.",2020-01-04T11:45:00.000Z,1578138300.0
87,88,Crew Dragon In Flight Abort Test,EE86F74,0,2020,1579442400,2020-01-19T14:00:00.000Z,2020-01-19T09:00:00-05:00,0,hour,0,14400.0,falcon9 Falcon 9,GOSEARCHER,ksc_lc_39a KSC LC 39A,1,https://images2.imgbox.com/9d/04/DNXjbXDY_o.png,"SpaceX will launch a Crew Dragon capsule from LC-39A, KSC on a fully fueled Falcon 9 rocket and then trigger the launch escape system during the period of maximum dynamic pressure. As part of NASA'a Commercial Crew Integrated Capability program (CCiCap) this test will contribute valuable data to help validate Crew Dragon and its launch abort system. The Crew Dragon will be recovered by GO Searcher after splashdown in the Atlantic Ocean. This flight does not go to orbit. The booster and upper stage are expected to break up following capsule separation and there will be no landing attempt.",2020-01-11T09:42:00.000Z,1578735720.0
88,89,Starlink 3,,0,2020,1580306760,2020-01-29T14:06:00.000Z,2020-01-29T09:06:00-05:00,0,hour,0,0.0,falcon9 Falcon 9,GOMSTREE GOMSCHIEF OCISLY GOQUEST HAWK,ccafs_slc_40 CCAFS SLC 40,1,https://images2.imgbox.com/d2/3b/bQaWiil0_o.png,"This mission will launch the third batch of Starlink version 1.0 satellites, from SLC-40, Cape Canaveral AFS. It is the fourth Starlink launch overall. The satellites will be delivered to low Earth orbit and will spend a few weeks maneuvering to their operational altitude of 550 km. The booster for this mission is expected to land on OCISLY.",2020-01-20T13:17:00.000Z,1579526220.0
89,90,Starlink 4,,0,2020,1581951955,2020-02-17T15:05:55.000Z,2020-02-17T10:05:55-05:00,0,hour,0,0.0,falcon9 Falcon 9,GOMSTREE GOMSCHIEF GOQUEST OCISLY HAWK,ccafs_slc_40 CCAFS SLC 40,1,https://images2.imgbox.com/d2/3b/bQaWiil0_o.png,"This mission will launch the fourth batch of Starlink version 1.0 satellites, from SLC-40, Cape Canaveral AFS. It is the fifth Starlink launch overall. The satellites will be delivered to low Earth orbit and will spend a few weeks maneuvering to their operational altitude of 550 km. The booster for this mission is expected to land on OCISLY.",2020-02-14T08:31:00.000Z,1581669060.0
90,91,CRS-20,EE86F74,0,2020,1583556631,2020-03-07T04:50:31.000Z,2020-03-06T23:50:31-05:00,0,hour,0,0.0,falcon9 Falcon 9,,ccafs_slc_40 CCAFS SLC 40,1,https://images2.imgbox.com/15/2b/NAcsTEB6_o.png,"SpaceX's 20th and final Crew Resupply Mission under the original NASA CRS contract, this mission brings essential supplies to the International Space Station using SpaceX's reusable Dragon spacecraft. It is the last scheduled flight of a Dragon 1 capsule. (CRS-21 and up under the new Commercial Resupply Services 2 contract will use Dragon 2.) The external payload for this mission is the Bartolomeo ISS external payload hosting platform. Falcon 9 and Dragon will launch from SLC-40, Cape Canaveral Air Force Station and the booster will land at LZ-1. The mission will be complete with return and recovery of the Dragon capsule and down cargo.",2020-03-01T10:20:00.000Z,1583058000.0
91,92,Starlink 5,,0,2020,1584533760,2020-03-18T12:16:00.000Z,2020-03-18T08:16:00-04:00,0,hour,0,0.0,falcon9 Falcon 9,OCISLY,ksc_lc_39a KSC LC 39A,1,https://images2.imgbox.com/d2/3b/bQaWiil0_o.png,"The sixth Starlink launch overall and the fifth operational batch of Starlink satellites will launch into orbit aboard a Falcon 9 rocket. This mission is expected to deploy all sixty satellites into an elliptical orbit about fifteen minutes into flight. In the weeks following launch the satellites are expected to utilize their onboard ion thrusters to raise their orbits to 550 km in three groups of 20, making use of precession rates to separate themselves into three planes. The booster will land on a drone ship approximately 628 km downrange.",2020-03-13T18:37:00.000Z,1584124620.0
92,93,Starlink 6,,0,2020,1587583800,2020-04-22T19:30:00.000Z,2020-04-22T15:30:00-04:00,0,hour,0,0.0,falcon9 Falcon 9,OCISLY GOMSTREE GOMSCHIEF,ksc_lc_39a KSC LC 39A,1,https://images2.imgbox.com/d2/3b/bQaWiil0_o.png,"This mission will launch the sixth batch of operational Starlink satellites, which are expected to be version 1.0, from SLC-40, Cape Canaveral AFS. It is the seventh Starlink launch overall. The satellites will be delivered to low Earth orbit and will spend a few weeks maneuvering to their operational altitude of 550 km. The booster for this mission is expected to land on OCISLY.",2020-04-17T11:48:00.000Z,1587687810.0
93,94,CCtCap Demo Mission 2,EE86F74,0,2020,1590866520,2020-05-30T19:22:00.000Z,2020-05-30T15:22:00-04:00,0,hour,0,0.0,falcon9 Falcon 9,OCISLY GOQUEST GOSEARCHER GONAVIGATOR,ksc_lc_39a KSC LC 39A,1,https://images2.imgbox.com/ab/79/Wyc9K7fv_o.png,"SpaceX will launch the second demonstration mission of its Crew Dragon vehicle as part of NASA's Commercial Crew Transportation Capability Program (CCtCap), carryingNASA astronauts Doug Hurley and Bob Behnken to the International Space Station. This mission will be the first crewed flight to launch from the United States since the end of the Space Shuttle program in 2011. DM-2 demonstrates the Falcon 9 and Crew Dragon's ability to safely transport crew to and from the space station. The booster for this mission will land on OCISLY. The mission will be complete with the safe return the Dragon capsule and astronauts.",2020-05-22T17:39:00.000Z,1590169140.0
94,95,Starlink 7,,0,2020,1591233900,2020-06-04T01:25:00.000Z,2020-06-03T21:25:00-04:00,0,hour,0,0.0,falcon9 Falcon 9,,ccafs_slc_40 CCAFS SLC 40,1,https://images2.imgbox.com/d2/3b/bQaWiil0_o.png,"This mission will launch the seventh batch of operational Starlink satellites, which are expected to be version 1.0, from SLC-40, Cape Canaveral AFS. It is the eighth Starlink launch overall. The satellites will be delivered to low Earth orbit and will spend a few weeks maneuvering to their operational altitude of 550 km. The booster for this mission is expected to land on JRTI on its first mission since arriving at Port Canaveral.",2020-05-13T11:11:00.000Z,1589368260.0
95,96,Starlink-8 & SkySat 16-18,,0,2020,1592040060,2020-06-13T09:21:00.000Z,2020-06-13T05:21:00-04:00,0,hour,0,0.0,falcon9 Falcon 9,GOMSTREE GOMSCHIEF GOQUEST OCISLY,ccafs_slc_40 CCAFS SLC 40,1,https://images2.imgbox.com/d2/3b/bQaWiil0_o.png,"This mission will launch the eighth batch of operational Starlink satellites, which are expected to be version 1.0, from SLC-40, Cape Canaveral AFS. It is the ninth Starlink launch overall. The satellites will be delivered to low Earth orbit and will spend a few weeks maneuvering to their operational altitude of 550 km. This mission is expected to include rideshare payloads, SkySats 16-18, on top of the Starlink stack. The booster for this mission is expected to land an ASDS.",0,0.0
96,97,GPS III SV03 (Columbus),,0,2020,1593546900,2020-06-30T19:55:00.000Z,2020-06-30T15:55:00-04:00,0,hour,0,0.0,falcon9 Falcon 9,,ccafs_slc_40 CCAFS SLC 40,1,https://images2.imgbox.com/5f/63/UmHyB3Y6_o.png,"SpaceX launches GPS Block III Space Vehicle 03 from SLC-40, Cape Canaveral AFS aboard a Falcon 9. GPS III is owned and operated by the US Air Force and produced by Lockheed Martin. This is the third GPS III satellite and the second launched by SpaceX. The satellite will be delivered into a MEO transfer orbit. The booster for this mission is expected to land on an ASDS.",2020-06-25T09:48:00.000Z,1593078480.0
97,98,ANASIS-II,,0,2020,1595280600,2020-07-20T21:30:00.000Z,2020-07-20T17:30:00-04:00,0,hour,0,0.0,falcon9 Falcon 9,GOMSCHIEF GOMSTREE JRTI,ccafs_slc_40 CCAFS SLC 40,1,https://images2.imgbox.com/ad/77/CDzoMWTH_o.png,"SpaceX will launch ANASIS-II, a South Korean geostationary military communication satellite from LC-39A, Kennedy Space Center. It will be South Korea's first dedicated military communications satellite. Falcon 9 will deliver the satellite to a geostationary transfer orbit. The booster is expected to land downrange on an ASDS.",2020-07-11T17:58:00.000Z,1594490280.0
98,99,Starlink-9 (v1.0) & BlackSky Global 5-6,,0,2020,1596777120,2020-08-07T05:12:00.000Z,2020-08-07T01:12:00-04:00,0,hour,0,0.0,falcon9 Falcon 9,GOMSCHIEF GOMSTREE OCISLY,ksc_lc_39a KSC LC 39A,1,https://images2.imgbox.com/d2/3b/bQaWiil0_o.png,"This mission will launch the ninth batch of operational Starlink satellites, which are expected to be version 1.0, from LC-39A, Kennedy Space Center. It is the tenth Starlink launch overall. The satellites will be delivered to low Earth orbit and will spend a few weeks maneuvering to their operational altitude of 550 km. This mission is includes a rideshare of two BlackSky satellites on top of the Starlink stack. The booster for this mission is expected to land an ASDS.",2020-06-24T18:18:00.000Z,1593022680.0
99,100,Starlink-10 (v1.0) & SkySat 19-21,,0,2020,1597761060,2020-08-18T14:31:00.000Z,2020-08-18T10:31:00-04:00,0,hour,0,0.0,falcon9 Falcon 9,GOMSTREE GOMSCHIEF OCISLY GOQUEST,ccafs_slc_40 CCAFS SLC 40,1,https://images2.imgbox.com/d2/3b/bQaWiil0_o.png,"This mission will launch the tenth batch of operational Starlink satellites, which are expected to be version 1.0, from LC-39A, Kennedy Space Center. It is the eleventh Starlink launch overall. The satellites will be delivered to low Earth orbit and will spend a few weeks maneuvering to their operational altitude of 550 km. This mission is includes rideshare payloads, SkySats 19-21, on top of the Starlink stack. The booster for this mission is expected to land on an ASDS.",0,0.0
100,101,"SAOCOM 1B, GNOMES-1, Tyvak-0172",,0,2020,1598829480,2020-08-30T23:18:00.000Z,2020-08-30T19:18:00-04:00,0,hour,0,0.0,falcon9 Falcon 9,GOMSCHIEF,ccafs_slc_40 CCAFS SLC 40,1,https://images2.imgbox.com/43/33/36WPntCu_o.png,"SpaceX's Falcon 9 will launch the second of the two satellite SAOCOM 1 satellites into a sun-synchronous polar orbit from SLC-40, Cape Canaveral AFS. SAOCOM 1B is a synthetic aperture radar Earth observation satellite to support disaster management. The SAOCOM spacecraft are operated by CONAE, the Argentinian National Space Activities Commission, and are built by INVAP. This mission is also expected to include rideshare payloads Sequoia, and GNOMES-1. This will be the first polar launch from the Space Coast in 60 years. The launch azimuth will be southward and the booster will land at LZ-1.",0,0.0
101,102,Starlink-11 (v1.0),,0,2020,1599137160,2020-09-03T12:46:00.000Z,2020-09-03T08:46:00-04:00,0,hour,0,0.0,falcon9 Falcon 9,GOMSTREE GOQUEST,ksc_lc_39a KSC LC 39A,1,https://images2.imgbox.com/d2/3b/bQaWiil0_o.png,"The 11th operational batch of Starlink satellites (12th overall) will lift off from LC-39A at Kennedy Space Center, Florida on a Falcon 9 rocket. In the weeks following deployment the Starlink satellites will use onboard ion thrusters to reach their operational altitude of 550 km. This is the third batch of Starlink satellites which all feature visors intended to reduce their visibility from Earth. Falcon 9's first stage will attempt to land on a drone ship approximately 628 km downrange, its sixth landing overall, and a ships is in place to attempt the recovery of both payload fairing halves.",0,0.0
102,103,Starlink-12 (v1.0),,0,2020,1601983740,2020-10-06T11:29:00.000Z,2020-10-06T07:29:00-04:00,0,hour,0,0.0,falcon9 Falcon 9,GOQUEST OCISLY GOMSCHIEF GOMSTREE,ksc_lc_39a KSC LC 39A,0,https://images2.imgbox.com/d2/3b/bQaWiil0_o.png,"This mission will launch the twelfth batch of operational Starlink satellites, which are expected to be version 1.0, from SLC-40, Cape Canaveral Air Force Station. It is the thirteenth Starlink launch overall. The satellites will be delivered to low Earth orbit and will spend a few weeks maneuvering to their operational altitude of 550 km. The booster for this mission is expected to land on an ASDS.",0,0.0
103,104,Starlink-13 (v1.0),,0,2020,1603023900,2020-10-18T12:25:00.000Z,2020-10-18T08:25:00-04:00,0,hour,0,0.0,falcon9 Falcon 9,GOMSTREE GOMSCHIEF OCISLY GOQUEST,ksc_lc_39a KSC LC 39A,1,https://images2.imgbox.com/d2/3b/bQaWiil0_o.png,"This mission will launch the thirteenth batch of operational Starlink satellites, which are expected to be version 1.0, from LC-39A, Kennedy Space Center. It is the fourteenth Starlink launch overall. The satellites will be delivered to low Earth orbit and will spend a few weeks maneuvering to their operational altitude of 550 km. The booster for this mission is expected to land on an ASDS.",2020-10-17T05:23:00.000Z,1602912180.0
104,105,Starlink-14 (v1.0),,0,2020,1603553460,2020-10-24T15:31:00.000Z,2020-10-24T11:31:00-04:00,0,hour,0,0.0,falcon9 Falcon 9,GOMSTREE GOMSCHIEF JRTI-2 GOQUEST,ccafs_slc_40 CCAFS SLC 40,1,https://images2.imgbox.com/d2/3b/bQaWiil0_o.png,"This mission will launch the fourteenth batch of operational Starlink satellites, which are expected to be version 1.0, from SLC-40, Kennedy Space Center. It is the fifteenth Starlink launch overall. The satellites will be delivered to low Earth orbit and will spend a few weeks maneuvering to their operational altitude of 550 km. The booster for this mission is expected to land on JRTI.",2020-10-21T12:55:00.000Z,1603284900.0
105,106,GPS III SV04 (Sacagawea),,0,2020,1604618640,2020-11-05T23:24:00.000Z,2020-11-05T18:24:00-05:00,0,hour,0,0.0,falcon9 Falcon 9,OCISLY GOQUEST HAWK,ccafs_slc_40 CCAFS SLC 40,1,https://i.imgur.com/Ehe9AgY.png,"SpaceX will launch GPS Block III Space Vehicle 04 from SLC-40, Cape Canaveral AFS aboard a Falcon 9. GPS III is owned and operated by the US Air Force and produced by Lockheed Martin. This will be the fourth GPS III satellite launched and the third launched by SpaceX. The satellite will be delivered into a MEO transfer orbit. The booster for this mission will land on an ASDS.",2020-09-25T05:42:00.000Z,1601012520.0
106,107,Crew-1,EE86F74,0,2020,1605486420,2020-11-16T00:27:00.000Z,2020-11-15T19:27:00-05:00,0,hour,0,0.0,falcon9 Falcon 9,OCISLY,ksc_lc_39a KSC LC 39A,1,https://i.imgur.com/t5R4BAQ.png,"SpaceX will launch the first operational mission of its Crew Dragon vehicle as part of NASA's Commercial Crew Transportation Capability Program (CCtCap), carrying 3 NASA astronauts and 1 JAXA astronaut to the International Space Station. This mission will be the second crewed flight to launch from the United States since the end of the Space Shuttle program in 2011.",0,0.0
107,108,Sentinel-6 Michael Freilich,,0,2020,1605979020,2020-11-21T17:17:00.000Z,2020-11-21T09:17:00-08:00,0,hour,0,0.0,falcon9 Falcon 9,,vafb_slc_4e VAFB SLC 4E,1,,"SpaceX will launch Sentinel-6 Michael Freilich into low Earth orbit for NASA, NOAA, ESA, and the European Organization for the Exploitation of Meteorological Satellites aboard a Falcon 9 from SLC-4E, Vandenberg Air Force Station. Sentinel-6(A) is an ocean observation satellite providing radar ocean surface altimetry data and also atmospheric temperature profiles as a secondary mission. The booster for this mission is will land at LZ-4.",2020-11-17T13:17:00.000Z,1605619020.0
108,109,Starlink-15 (v1.0),,0,2020,1603553460,2020-10-24T15:31:00.000Z,2020-10-24T11:31:00-04:00,0,hour,0,0.0,falcon9 Falcon 9,GOMSTREE GOMSCHIEF JRTI-2 GOQUEST,ccafs_slc_40 CCAFS SLC 40,1,https://images2.imgbox.com/d2/3b/bQaWiil0_o.png,Empty,2020-11-21T16:31:00.000Z,1605976260.0
109,110,CRS-21,EE86F74,1,2020,1607271420,2020-12-06T16:17:00.000Z,2020-12-06T11:17:00-05:00,0,hour,0,0.0,falcon9 Falcon 9,,ksc_lc_39a KSC LC 39A,0,https://imgur.com/E7fjUBD.png,"SpaceX's 21st ISS resupply mission on behalf of NASA and the first under the CRS-2 contract, this mission brings essential supplies to the International Space Station using the cargo variant of SpaceX's Dragon 2 spacecraft. The external payload for this mission is the Nanoracks Bishop Airlock. Falcon 9 and Dragon launch from LC-39A, Kennedy Space Center and the booster is expected to land on an ASDS. The mission will be complete with return and recovery of the Dragon capsule and down cargo.",0,0.0
110,110,SXM-7,,1,2020,1607880600,2020-12-13T17:30:00.000Z,2020-12-13T12:30:00-05:00,0,hour,0,0.0,falcon9 Falcon 9,,ccafs_slc_40 CCAFS SLC 40,0,,Empty,0,0.0
